"Mode 1","q = (0.000, 0.000, 0.000), band = 0",""
"Mode 2","q = (0.000, 0.000, 0.000), band = 1",""
"","",""
"Modulation #","Q_1 [amu^1/2 A]","Q_2 [amu^1/2 A]"
"1","-20.0","-20.0"
"2","-20.0","-19.0"
"3","-20.0","-18.0"
"4","-20.0","-17.0"
"5","-20.0","-16.0"
"6","-20.0","-15.0"
"7","-20.0","-14.0"
"8","-20.0","-13.0"
"9","-20.0","-12.0"
"10","-20.0","-11.0"
"11","-20.0","-10.0"
"12","-20.0","-9.0"
"13","-20.0","-8.0"
"14","-20.0","-7.0"
"15","-20.0","-6.0"
"16","-20.0","-5.0"
"17","-20.0","-4.0"
"18","-20.0","-3.0"
"19","-20.0","-2.0"
"20","-20.0","-1.0"
"21","-20.0","0.0"
"22","-20.0","1.0"
"23","-20.0","2.0"
"24","-20.0","3.0"
"25","-20.0","4.0"
"26","-20.0","5.0"
"27","-20.0","6.0"
"28","-20.0","7.0"
"29","-20.0","8.0"
"30","-20.0","9.0"
"31","-20.0","10.0"
"32","-20.0","11.0"
"33","-20.0","12.0"
"34","-20.0","13.0"
"35","-20.0","14.0"
"36","-20.0","15.0"
"37","-20.0","16.0"
"38","-20.0","17.0"
"39","-20.0","18.0"
"40","-20.0","19.0"
"41","-20.0","20.0"
"42","-19.0","-20.0"
"43","-19.0","-19.0"
"44","-19.0","-18.0"
"45","-19.0","-17.0"
"46","-19.0","-16.0"
"47","-19.0","-15.0"
"48","-19.0","-14.0"
"49","-19.0","-13.0"
"50","-19.0","-12.0"
"51","-19.0","-11.0"
"52","-19.0","-10.0"
"53","-19.0","-9.0"
"54","-19.0","-8.0"
"55","-19.0","-7.0"
"56","-19.0","-6.0"
"57","-19.0","-5.0"
"58","-19.0","-4.0"
"59","-19.0","-3.0"
"60","-19.0","-2.0"
"61","-19.0","-1.0"
"62","-19.0","0.0"
"63","-19.0","1.0"
"64","-19.0","2.0"
"65","-19.0","3.0"
"66","-19.0","4.0"
"67","-19.0","5.0"
"68","-19.0","6.0"
"69","-19.0","7.0"
"70","-19.0","8.0"
"71","-19.0","9.0"
"72","-19.0","10.0"
"73","-19.0","11.0"
"74","-19.0","12.0"
"75","-19.0","13.0"
"76","-19.0","14.0"
"77","-19.0","15.0"
"78","-19.0","16.0"
"79","-19.0","17.0"
"80","-19.0","18.0"
"81","-19.0","19.0"
"82","-19.0","20.0"
"83","-18.0","-20.0"
"84","-18.0","-19.0"
"85","-18.0","-18.0"
"86","-18.0","-17.0"
"87","-18.0","-16.0"
"88","-18.0","-15.0"
"89","-18.0","-14.0"
"90","-18.0","-13.0"
"91","-18.0","-12.0"
"92","-18.0","-11.0"
"93","-18.0","-10.0"
"94","-18.0","-9.0"
"95","-18.0","-8.0"
"96","-18.0","-7.0"
"97","-18.0","-6.0"
"98","-18.0","-5.0"
"99","-18.0","-4.0"
"100","-18.0","-3.0"
"101","-18.0","-2.0"
"102","-18.0","-1.0"
"103","-18.0","0.0"
"104","-18.0","1.0"
"105","-18.0","2.0"
"106","-18.0","3.0"
"107","-18.0","4.0"
"108","-18.0","5.0"
"109","-18.0","6.0"
"110","-18.0","7.0"
"111","-18.0","8.0"
"112","-18.0","9.0"
"113","-18.0","10.0"
"114","-18.0","11.0"
"115","-18.0","12.0"
"116","-18.0","13.0"
"117","-18.0","14.0"
"118","-18.0","15.0"
"119","-18.0","16.0"
"120","-18.0","17.0"
"121","-18.0","18.0"
"122","-18.0","19.0"
"123","-18.0","20.0"
"124","-17.0","-20.0"
"125","-17.0","-19.0"
"126","-17.0","-18.0"
"127","-17.0","-17.0"
"128","-17.0","-16.0"
"129","-17.0","-15.0"
"130","-17.0","-14.0"
"131","-17.0","-13.0"
"132","-17.0","-12.0"
"133","-17.0","-11.0"
"134","-17.0","-10.0"
"135","-17.0","-9.0"
"136","-17.0","-8.0"
"137","-17.0","-7.0"
"138","-17.0","-6.0"
"139","-17.0","-5.0"
"140","-17.0","-4.0"
"141","-17.0","-3.0"
"142","-17.0","-2.0"
"143","-17.0","-1.0"
"144","-17.0","0.0"
"145","-17.0","1.0"
"146","-17.0","2.0"
"147","-17.0","3.0"
"148","-17.0","4.0"
"149","-17.0","5.0"
"150","-17.0","6.0"
"151","-17.0","7.0"
"152","-17.0","8.0"
"153","-17.0","9.0"
"154","-17.0","10.0"
"155","-17.0","11.0"
"156","-17.0","12.0"
"157","-17.0","13.0"
"158","-17.0","14.0"
"159","-17.0","15.0"
"160","-17.0","16.0"
"161","-17.0","17.0"
"162","-17.0","18.0"
"163","-17.0","19.0"
"164","-17.0","20.0"
"165","-16.0","-20.0"
"166","-16.0","-19.0"
"167","-16.0","-18.0"
"168","-16.0","-17.0"
"169","-16.0","-16.0"
"170","-16.0","-15.0"
"171","-16.0","-14.0"
"172","-16.0","-13.0"
"173","-16.0","-12.0"
"174","-16.0","-11.0"
"175","-16.0","-10.0"
"176","-16.0","-9.0"
"177","-16.0","-8.0"
"178","-16.0","-7.0"
"179","-16.0","-6.0"
"180","-16.0","-5.0"
"181","-16.0","-4.0"
"182","-16.0","-3.0"
"183","-16.0","-2.0"
"184","-16.0","-1.0"
"185","-16.0","0.0"
"186","-16.0","1.0"
"187","-16.0","2.0"
"188","-16.0","3.0"
"189","-16.0","4.0"
"190","-16.0","5.0"
"191","-16.0","6.0"
"192","-16.0","7.0"
"193","-16.0","8.0"
"194","-16.0","9.0"
"195","-16.0","10.0"
"196","-16.0","11.0"
"197","-16.0","12.0"
"198","-16.0","13.0"
"199","-16.0","14.0"
"200","-16.0","15.0"
"201","-16.0","16.0"
"202","-16.0","17.0"
"203","-16.0","18.0"
"204","-16.0","19.0"
"205","-16.0","20.0"
"206","-15.0","-20.0"
"207","-15.0","-19.0"
"208","-15.0","-18.0"
"209","-15.0","-17.0"
"210","-15.0","-16.0"
"211","-15.0","-15.0"
"212","-15.0","-14.0"
"213","-15.0","-13.0"
"214","-15.0","-12.0"
"215","-15.0","-11.0"
"216","-15.0","-10.0"
"217","-15.0","-9.0"
"218","-15.0","-8.0"
"219","-15.0","-7.0"
"220","-15.0","-6.0"
"221","-15.0","-5.0"
"222","-15.0","-4.0"
"223","-15.0","-3.0"
"224","-15.0","-2.0"
"225","-15.0","-1.0"
"226","-15.0","0.0"
"227","-15.0","1.0"
"228","-15.0","2.0"
"229","-15.0","3.0"
"230","-15.0","4.0"
"231","-15.0","5.0"
"232","-15.0","6.0"
"233","-15.0","7.0"
"234","-15.0","8.0"
"235","-15.0","9.0"
"236","-15.0","10.0"
"237","-15.0","11.0"
"238","-15.0","12.0"
"239","-15.0","13.0"
"240","-15.0","14.0"
"241","-15.0","15.0"
"242","-15.0","16.0"
"243","-15.0","17.0"
"244","-15.0","18.0"
"245","-15.0","19.0"
"246","-15.0","20.0"
"247","-14.0","-20.0"
"248","-14.0","-19.0"
"249","-14.0","-18.0"
"250","-14.0","-17.0"
"251","-14.0","-16.0"
"252","-14.0","-15.0"
"253","-14.0","-14.0"
"254","-14.0","-13.0"
"255","-14.0","-12.0"
"256","-14.0","-11.0"
"257","-14.0","-10.0"
"258","-14.0","-9.0"
"259","-14.0","-8.0"
"260","-14.0","-7.0"
"261","-14.0","-6.0"
"262","-14.0","-5.0"
"263","-14.0","-4.0"
"264","-14.0","-3.0"
"265","-14.0","-2.0"
"266","-14.0","-1.0"
"267","-14.0","0.0"
"268","-14.0","1.0"
"269","-14.0","2.0"
"270","-14.0","3.0"
"271","-14.0","4.0"
"272","-14.0","5.0"
"273","-14.0","6.0"
"274","-14.0","7.0"
"275","-14.0","8.0"
"276","-14.0","9.0"
"277","-14.0","10.0"
"278","-14.0","11.0"
"279","-14.0","12.0"
"280","-14.0","13.0"
"281","-14.0","14.0"
"282","-14.0","15.0"
"283","-14.0","16.0"
"284","-14.0","17.0"
"285","-14.0","18.0"
"286","-14.0","19.0"
"287","-14.0","20.0"
"288","-13.0","-20.0"
"289","-13.0","-19.0"
"290","-13.0","-18.0"
"291","-13.0","-17.0"
"292","-13.0","-16.0"
"293","-13.0","-15.0"
"294","-13.0","-14.0"
"295","-13.0","-13.0"
"296","-13.0","-12.0"
"297","-13.0","-11.0"
"298","-13.0","-10.0"
"299","-13.0","-9.0"
"300","-13.0","-8.0"
"301","-13.0","-7.0"
"302","-13.0","-6.0"
"303","-13.0","-5.0"
"304","-13.0","-4.0"
"305","-13.0","-3.0"
"306","-13.0","-2.0"
"307","-13.0","-1.0"
"308","-13.0","0.0"
"309","-13.0","1.0"
"310","-13.0","2.0"
"311","-13.0","3.0"
"312","-13.0","4.0"
"313","-13.0","5.0"
"314","-13.0","6.0"
"315","-13.0","7.0"
"316","-13.0","8.0"
"317","-13.0","9.0"
"318","-13.0","10.0"
"319","-13.0","11.0"
"320","-13.0","12.0"
"321","-13.0","13.0"
"322","-13.0","14.0"
"323","-13.0","15.0"
"324","-13.0","16.0"
"325","-13.0","17.0"
"326","-13.0","18.0"
"327","-13.0","19.0"
"328","-13.0","20.0"
"329","-12.0","-20.0"
"330","-12.0","-19.0"
"331","-12.0","-18.0"
"332","-12.0","-17.0"
"333","-12.0","-16.0"
"334","-12.0","-15.0"
"335","-12.0","-14.0"
"336","-12.0","-13.0"
"337","-12.0","-12.0"
"338","-12.0","-11.0"
"339","-12.0","-10.0"
"340","-12.0","-9.0"
"341","-12.0","-8.0"
"342","-12.0","-7.0"
"343","-12.0","-6.0"
"344","-12.0","-5.0"
"345","-12.0","-4.0"
"346","-12.0","-3.0"
"347","-12.0","-2.0"
"348","-12.0","-1.0"
"349","-12.0","0.0"
"350","-12.0","1.0"
"351","-12.0","2.0"
"352","-12.0","3.0"
"353","-12.0","4.0"
"354","-12.0","5.0"
"355","-12.0","6.0"
"356","-12.0","7.0"
"357","-12.0","8.0"
"358","-12.0","9.0"
"359","-12.0","10.0"
"360","-12.0","11.0"
"361","-12.0","12.0"
"362","-12.0","13.0"
"363","-12.0","14.0"
"364","-12.0","15.0"
"365","-12.0","16.0"
"366","-12.0","17.0"
"367","-12.0","18.0"
"368","-12.0","19.0"
"369","-12.0","20.0"
"370","-11.0","-20.0"
"371","-11.0","-19.0"
"372","-11.0","-18.0"
"373","-11.0","-17.0"
"374","-11.0","-16.0"
"375","-11.0","-15.0"
"376","-11.0","-14.0"
"377","-11.0","-13.0"
"378","-11.0","-12.0"
"379","-11.0","-11.0"
"380","-11.0","-10.0"
"381","-11.0","-9.0"
"382","-11.0","-8.0"
"383","-11.0","-7.0"
"384","-11.0","-6.0"
"385","-11.0","-5.0"
"386","-11.0","-4.0"
"387","-11.0","-3.0"
"388","-11.0","-2.0"
"389","-11.0","-1.0"
"390","-11.0","0.0"
"391","-11.0","1.0"
"392","-11.0","2.0"
"393","-11.0","3.0"
"394","-11.0","4.0"
"395","-11.0","5.0"
"396","-11.0","6.0"
"397","-11.0","7.0"
"398","-11.0","8.0"
"399","-11.0","9.0"
"400","-11.0","10.0"
"401","-11.0","11.0"
"402","-11.0","12.0"
"403","-11.0","13.0"
"404","-11.0","14.0"
"405","-11.0","15.0"
"406","-11.0","16.0"
"407","-11.0","17.0"
"408","-11.0","18.0"
"409","-11.0","19.0"
"410","-11.0","20.0"
"411","-10.0","-20.0"
"412","-10.0","-19.0"
"413","-10.0","-18.0"
"414","-10.0","-17.0"
"415","-10.0","-16.0"
"416","-10.0","-15.0"
"417","-10.0","-14.0"
"418","-10.0","-13.0"
"419","-10.0","-12.0"
"420","-10.0","-11.0"
"421","-10.0","-10.0"
"422","-10.0","-9.0"
"423","-10.0","-8.0"
"424","-10.0","-7.0"
"425","-10.0","-6.0"
"426","-10.0","-5.0"
"427","-10.0","-4.0"
"428","-10.0","-3.0"
"429","-10.0","-2.0"
"430","-10.0","-1.0"
"431","-10.0","0.0"
"432","-10.0","1.0"
"433","-10.0","2.0"
"434","-10.0","3.0"
"435","-10.0","4.0"
"436","-10.0","5.0"
"437","-10.0","6.0"
"438","-10.0","7.0"
"439","-10.0","8.0"
"440","-10.0","9.0"
"441","-10.0","10.0"
"442","-10.0","11.0"
"443","-10.0","12.0"
"444","-10.0","13.0"
"445","-10.0","14.0"
"446","-10.0","15.0"
"447","-10.0","16.0"
"448","-10.0","17.0"
"449","-10.0","18.0"
"450","-10.0","19.0"
"451","-10.0","20.0"
"452","-9.0","-20.0"
"453","-9.0","-19.0"
"454","-9.0","-18.0"
"455","-9.0","-17.0"
"456","-9.0","-16.0"
"457","-9.0","-15.0"
"458","-9.0","-14.0"
"459","-9.0","-13.0"
"460","-9.0","-12.0"
"461","-9.0","-11.0"
"462","-9.0","-10.0"
"463","-9.0","-9.0"
"464","-9.0","-8.0"
"465","-9.0","-7.0"
"466","-9.0","-6.0"
"467","-9.0","-5.0"
"468","-9.0","-4.0"
"469","-9.0","-3.0"
"470","-9.0","-2.0"
"471","-9.0","-1.0"
"472","-9.0","0.0"
"473","-9.0","1.0"
"474","-9.0","2.0"
"475","-9.0","3.0"
"476","-9.0","4.0"
"477","-9.0","5.0"
"478","-9.0","6.0"
"479","-9.0","7.0"
"480","-9.0","8.0"
"481","-9.0","9.0"
"482","-9.0","10.0"
"483","-9.0","11.0"
"484","-9.0","12.0"
"485","-9.0","13.0"
"486","-9.0","14.0"
"487","-9.0","15.0"
"488","-9.0","16.0"
"489","-9.0","17.0"
"490","-9.0","18.0"
"491","-9.0","19.0"
"492","-9.0","20.0"
"493","-8.0","-20.0"
"494","-8.0","-19.0"
"495","-8.0","-18.0"
"496","-8.0","-17.0"
"497","-8.0","-16.0"
"498","-8.0","-15.0"
"499","-8.0","-14.0"
"500","-8.0","-13.0"
"501","-8.0","-12.0"
"502","-8.0","-11.0"
"503","-8.0","-10.0"
"504","-8.0","-9.0"
"505","-8.0","-8.0"
"506","-8.0","-7.0"
"507","-8.0","-6.0"
"508","-8.0","-5.0"
"509","-8.0","-4.0"
"510","-8.0","-3.0"
"511","-8.0","-2.0"
"512","-8.0","-1.0"
"513","-8.0","0.0"
"514","-8.0","1.0"
"515","-8.0","2.0"
"516","-8.0","3.0"
"517","-8.0","4.0"
"518","-8.0","5.0"
"519","-8.0","6.0"
"520","-8.0","7.0"
"521","-8.0","8.0"
"522","-8.0","9.0"
"523","-8.0","10.0"
"524","-8.0","11.0"
"525","-8.0","12.0"
"526","-8.0","13.0"
"527","-8.0","14.0"
"528","-8.0","15.0"
"529","-8.0","16.0"
"530","-8.0","17.0"
"531","-8.0","18.0"
"532","-8.0","19.0"
"533","-8.0","20.0"
"534","-7.0","-20.0"
"535","-7.0","-19.0"
"536","-7.0","-18.0"
"537","-7.0","-17.0"
"538","-7.0","-16.0"
"539","-7.0","-15.0"
"540","-7.0","-14.0"
"541","-7.0","-13.0"
"542","-7.0","-12.0"
"543","-7.0","-11.0"
"544","-7.0","-10.0"
"545","-7.0","-9.0"
"546","-7.0","-8.0"
"547","-7.0","-7.0"
"548","-7.0","-6.0"
"549","-7.0","-5.0"
"550","-7.0","-4.0"
"551","-7.0","-3.0"
"552","-7.0","-2.0"
"553","-7.0","-1.0"
"554","-7.0","0.0"
"555","-7.0","1.0"
"556","-7.0","2.0"
"557","-7.0","3.0"
"558","-7.0","4.0"
"559","-7.0","5.0"
"560","-7.0","6.0"
"561","-7.0","7.0"
"562","-7.0","8.0"
"563","-7.0","9.0"
"564","-7.0","10.0"
"565","-7.0","11.0"
"566","-7.0","12.0"
"567","-7.0","13.0"
"568","-7.0","14.0"
"569","-7.0","15.0"
"570","-7.0","16.0"
"571","-7.0","17.0"
"572","-7.0","18.0"
"573","-7.0","19.0"
"574","-7.0","20.0"
"575","-6.0","-20.0"
"576","-6.0","-19.0"
"577","-6.0","-18.0"
"578","-6.0","-17.0"
"579","-6.0","-16.0"
"580","-6.0","-15.0"
"581","-6.0","-14.0"
"582","-6.0","-13.0"
"583","-6.0","-12.0"
"584","-6.0","-11.0"
"585","-6.0","-10.0"
"586","-6.0","-9.0"
"587","-6.0","-8.0"
"588","-6.0","-7.0"
"589","-6.0","-6.0"
"590","-6.0","-5.0"
"591","-6.0","-4.0"
"592","-6.0","-3.0"
"593","-6.0","-2.0"
"594","-6.0","-1.0"
"595","-6.0","0.0"
"596","-6.0","1.0"
"597","-6.0","2.0"
"598","-6.0","3.0"
"599","-6.0","4.0"
"600","-6.0","5.0"
"601","-6.0","6.0"
"602","-6.0","7.0"
"603","-6.0","8.0"
"604","-6.0","9.0"
"605","-6.0","10.0"
"606","-6.0","11.0"
"607","-6.0","12.0"
"608","-6.0","13.0"
"609","-6.0","14.0"
"610","-6.0","15.0"
"611","-6.0","16.0"
"612","-6.0","17.0"
"613","-6.0","18.0"
"614","-6.0","19.0"
"615","-6.0","20.0"
"616","-5.0","-20.0"
"617","-5.0","-19.0"
"618","-5.0","-18.0"
"619","-5.0","-17.0"
"620","-5.0","-16.0"
"621","-5.0","-15.0"
"622","-5.0","-14.0"
"623","-5.0","-13.0"
"624","-5.0","-12.0"
"625","-5.0","-11.0"
"626","-5.0","-10.0"
"627","-5.0","-9.0"
"628","-5.0","-8.0"
"629","-5.0","-7.0"
"630","-5.0","-6.0"
"631","-5.0","-5.0"
"632","-5.0","-4.0"
"633","-5.0","-3.0"
"634","-5.0","-2.0"
"635","-5.0","-1.0"
"636","-5.0","0.0"
"637","-5.0","1.0"
"638","-5.0","2.0"
"639","-5.0","3.0"
"640","-5.0","4.0"
"641","-5.0","5.0"
"642","-5.0","6.0"
"643","-5.0","7.0"
"644","-5.0","8.0"
"645","-5.0","9.0"
"646","-5.0","10.0"
"647","-5.0","11.0"
"648","-5.0","12.0"
"649","-5.0","13.0"
"650","-5.0","14.0"
"651","-5.0","15.0"
"652","-5.0","16.0"
"653","-5.0","17.0"
"654","-5.0","18.0"
"655","-5.0","19.0"
"656","-5.0","20.0"
"657","-4.0","-20.0"
"658","-4.0","-19.0"
"659","-4.0","-18.0"
"660","-4.0","-17.0"
"661","-4.0","-16.0"
"662","-4.0","-15.0"
"663","-4.0","-14.0"
"664","-4.0","-13.0"
"665","-4.0","-12.0"
"666","-4.0","-11.0"
"667","-4.0","-10.0"
"668","-4.0","-9.0"
"669","-4.0","-8.0"
"670","-4.0","-7.0"
"671","-4.0","-6.0"
"672","-4.0","-5.0"
"673","-4.0","-4.0"
"674","-4.0","-3.0"
"675","-4.0","-2.0"
"676","-4.0","-1.0"
"677","-4.0","0.0"
"678","-4.0","1.0"
"679","-4.0","2.0"
"680","-4.0","3.0"
"681","-4.0","4.0"
"682","-4.0","5.0"
"683","-4.0","6.0"
"684","-4.0","7.0"
"685","-4.0","8.0"
"686","-4.0","9.0"
"687","-4.0","10.0"
"688","-4.0","11.0"
"689","-4.0","12.0"
"690","-4.0","13.0"
"691","-4.0","14.0"
"692","-4.0","15.0"
"693","-4.0","16.0"
"694","-4.0","17.0"
"695","-4.0","18.0"
"696","-4.0","19.0"
"697","-4.0","20.0"
"698","-3.0","-20.0"
"699","-3.0","-19.0"
"700","-3.0","-18.0"
"701","-3.0","-17.0"
"702","-3.0","-16.0"
"703","-3.0","-15.0"
"704","-3.0","-14.0"
"705","-3.0","-13.0"
"706","-3.0","-12.0"
"707","-3.0","-11.0"
"708","-3.0","-10.0"
"709","-3.0","-9.0"
"710","-3.0","-8.0"
"711","-3.0","-7.0"
"712","-3.0","-6.0"
"713","-3.0","-5.0"
"714","-3.0","-4.0"
"715","-3.0","-3.0"
"716","-3.0","-2.0"
"717","-3.0","-1.0"
"718","-3.0","0.0"
"719","-3.0","1.0"
"720","-3.0","2.0"
"721","-3.0","3.0"
"722","-3.0","4.0"
"723","-3.0","5.0"
"724","-3.0","6.0"
"725","-3.0","7.0"
"726","-3.0","8.0"
"727","-3.0","9.0"
"728","-3.0","10.0"
"729","-3.0","11.0"
"730","-3.0","12.0"
"731","-3.0","13.0"
"732","-3.0","14.0"
"733","-3.0","15.0"
"734","-3.0","16.0"
"735","-3.0","17.0"
"736","-3.0","18.0"
"737","-3.0","19.0"
"738","-3.0","20.0"
"739","-2.0","-20.0"
"740","-2.0","-19.0"
"741","-2.0","-18.0"
"742","-2.0","-17.0"
"743","-2.0","-16.0"
"744","-2.0","-15.0"
"745","-2.0","-14.0"
"746","-2.0","-13.0"
"747","-2.0","-12.0"
"748","-2.0","-11.0"
"749","-2.0","-10.0"
"750","-2.0","-9.0"
"751","-2.0","-8.0"
"752","-2.0","-7.0"
"753","-2.0","-6.0"
"754","-2.0","-5.0"
"755","-2.0","-4.0"
"756","-2.0","-3.0"
"757","-2.0","-2.0"
"758","-2.0","-1.0"
"759","-2.0","0.0"
"760","-2.0","1.0"
"761","-2.0","2.0"
"762","-2.0","3.0"
"763","-2.0","4.0"
"764","-2.0","5.0"
"765","-2.0","6.0"
"766","-2.0","7.0"
"767","-2.0","8.0"
"768","-2.0","9.0"
"769","-2.0","10.0"
"770","-2.0","11.0"
"771","-2.0","12.0"
"772","-2.0","13.0"
"773","-2.0","14.0"
"774","-2.0","15.0"
"775","-2.0","16.0"
"776","-2.0","17.0"
"777","-2.0","18.0"
"778","-2.0","19.0"
"779","-2.0","20.0"
"780","-1.0","-20.0"
"781","-1.0","-19.0"
"782","-1.0","-18.0"
"783","-1.0","-17.0"
"784","-1.0","-16.0"
"785","-1.0","-15.0"
"786","-1.0","-14.0"
"787","-1.0","-13.0"
"788","-1.0","-12.0"
"789","-1.0","-11.0"
"790","-1.0","-10.0"
"791","-1.0","-9.0"
"792","-1.0","-8.0"
"793","-1.0","-7.0"
"794","-1.0","-6.0"
"795","-1.0","-5.0"
"796","-1.0","-4.0"
"797","-1.0","-3.0"
"798","-1.0","-2.0"
"799","-1.0","-1.0"
"800","-1.0","0.0"
"801","-1.0","1.0"
"802","-1.0","2.0"
"803","-1.0","3.0"
"804","-1.0","4.0"
"805","-1.0","5.0"
"806","-1.0","6.0"
"807","-1.0","7.0"
"808","-1.0","8.0"
"809","-1.0","9.0"
"810","-1.0","10.0"
"811","-1.0","11.0"
"812","-1.0","12.0"
"813","-1.0","13.0"
"814","-1.0","14.0"
"815","-1.0","15.0"
"816","-1.0","16.0"
"817","-1.0","17.0"
"818","-1.0","18.0"
"819","-1.0","19.0"
"820","-1.0","20.0"
"821","0.0","-20.0"
"822","0.0","-19.0"
"823","0.0","-18.0"
"824","0.0","-17.0"
"825","0.0","-16.0"
"826","0.0","-15.0"
"827","0.0","-14.0"
"828","0.0","-13.0"
"829","0.0","-12.0"
"830","0.0","-11.0"
"831","0.0","-10.0"
"832","0.0","-9.0"
"833","0.0","-8.0"
"834","0.0","-7.0"
"835","0.0","-6.0"
"836","0.0","-5.0"
"837","0.0","-4.0"
"838","0.0","-3.0"
"839","0.0","-2.0"
"840","0.0","-1.0"
"841","0.0","0.0"
"842","0.0","1.0"
"843","0.0","2.0"
"844","0.0","3.0"
"845","0.0","4.0"
"846","0.0","5.0"
"847","0.0","6.0"
"848","0.0","7.0"
"849","0.0","8.0"
"850","0.0","9.0"
"851","0.0","10.0"
"852","0.0","11.0"
"853","0.0","12.0"
"854","0.0","13.0"
"855","0.0","14.0"
"856","0.0","15.0"
"857","0.0","16.0"
"858","0.0","17.0"
"859","0.0","18.0"
"860","0.0","19.0"
"861","0.0","20.0"
"862","1.0","-20.0"
"863","1.0","-19.0"
"864","1.0","-18.0"
"865","1.0","-17.0"
"866","1.0","-16.0"
"867","1.0","-15.0"
"868","1.0","-14.0"
"869","1.0","-13.0"
"870","1.0","-12.0"
"871","1.0","-11.0"
"872","1.0","-10.0"
"873","1.0","-9.0"
"874","1.0","-8.0"
"875","1.0","-7.0"
"876","1.0","-6.0"
"877","1.0","-5.0"
"878","1.0","-4.0"
"879","1.0","-3.0"
"880","1.0","-2.0"
"881","1.0","-1.0"
"882","1.0","0.0"
"883","1.0","1.0"
"884","1.0","2.0"
"885","1.0","3.0"
"886","1.0","4.0"
"887","1.0","5.0"
"888","1.0","6.0"
"889","1.0","7.0"
"890","1.0","8.0"
"891","1.0","9.0"
"892","1.0","10.0"
"893","1.0","11.0"
"894","1.0","12.0"
"895","1.0","13.0"
"896","1.0","14.0"
"897","1.0","15.0"
"898","1.0","16.0"
"899","1.0","17.0"
"900","1.0","18.0"
"901","1.0","19.0"
"902","1.0","20.0"
"903","2.0","-20.0"
"904","2.0","-19.0"
"905","2.0","-18.0"
"906","2.0","-17.0"
"907","2.0","-16.0"
"908","2.0","-15.0"
"909","2.0","-14.0"
"910","2.0","-13.0"
"911","2.0","-12.0"
"912","2.0","-11.0"
"913","2.0","-10.0"
"914","2.0","-9.0"
"915","2.0","-8.0"
"916","2.0","-7.0"
"917","2.0","-6.0"
"918","2.0","-5.0"
"919","2.0","-4.0"
"920","2.0","-3.0"
"921","2.0","-2.0"
"922","2.0","-1.0"
"923","2.0","0.0"
"924","2.0","1.0"
"925","2.0","2.0"
"926","2.0","3.0"
"927","2.0","4.0"
"928","2.0","5.0"
"929","2.0","6.0"
"930","2.0","7.0"
"931","2.0","8.0"
"932","2.0","9.0"
"933","2.0","10.0"
"934","2.0","11.0"
"935","2.0","12.0"
"936","2.0","13.0"
"937","2.0","14.0"
"938","2.0","15.0"
"939","2.0","16.0"
"940","2.0","17.0"
"941","2.0","18.0"
"942","2.0","19.0"
"943","2.0","20.0"
"944","3.0","-20.0"
"945","3.0","-19.0"
"946","3.0","-18.0"
"947","3.0","-17.0"
"948","3.0","-16.0"
"949","3.0","-15.0"
"950","3.0","-14.0"
"951","3.0","-13.0"
"952","3.0","-12.0"
"953","3.0","-11.0"
"954","3.0","-10.0"
"955","3.0","-9.0"
"956","3.0","-8.0"
"957","3.0","-7.0"
"958","3.0","-6.0"
"959","3.0","-5.0"
"960","3.0","-4.0"
"961","3.0","-3.0"
"962","3.0","-2.0"
"963","3.0","-1.0"
"964","3.0","0.0"
"965","3.0","1.0"
"966","3.0","2.0"
"967","3.0","3.0"
"968","3.0","4.0"
"969","3.0","5.0"
"970","3.0","6.0"
"971","3.0","7.0"
"972","3.0","8.0"
"973","3.0","9.0"
"974","3.0","10.0"
"975","3.0","11.0"
"976","3.0","12.0"
"977","3.0","13.0"
"978","3.0","14.0"
"979","3.0","15.0"
"980","3.0","16.0"
"981","3.0","17.0"
"982","3.0","18.0"
"983","3.0","19.0"
"984","3.0","20.0"
"985","4.0","-20.0"
"986","4.0","-19.0"
"987","4.0","-18.0"
"988","4.0","-17.0"
"989","4.0","-16.0"
"990","4.0","-15.0"
"991","4.0","-14.0"
"992","4.0","-13.0"
"993","4.0","-12.0"
"994","4.0","-11.0"
"995","4.0","-10.0"
"996","4.0","-9.0"
"997","4.0","-8.0"
"998","4.0","-7.0"
"999","4.0","-6.0"
"1000","4.0","-5.0"
"1001","4.0","-4.0"
"1002","4.0","-3.0"
"1003","4.0","-2.0"
"1004","4.0","-1.0"
"1005","4.0","0.0"
"1006","4.0","1.0"
"1007","4.0","2.0"
"1008","4.0","3.0"
"1009","4.0","4.0"
"1010","4.0","5.0"
"1011","4.0","6.0"
"1012","4.0","7.0"
"1013","4.0","8.0"
"1014","4.0","9.0"
"1015","4.0","10.0"
"1016","4.0","11.0"
"1017","4.0","12.0"
"1018","4.0","13.0"
"1019","4.0","14.0"
"1020","4.0","15.0"
"1021","4.0","16.0"
"1022","4.0","17.0"
"1023","4.0","18.0"
"1024","4.0","19.0"
"1025","4.0","20.0"
"1026","5.0","-20.0"
"1027","5.0","-19.0"
"1028","5.0","-18.0"
"1029","5.0","-17.0"
"1030","5.0","-16.0"
"1031","5.0","-15.0"
"1032","5.0","-14.0"
"1033","5.0","-13.0"
"1034","5.0","-12.0"
"1035","5.0","-11.0"
"1036","5.0","-10.0"
"1037","5.0","-9.0"
"1038","5.0","-8.0"
"1039","5.0","-7.0"
"1040","5.0","-6.0"
"1041","5.0","-5.0"
"1042","5.0","-4.0"
"1043","5.0","-3.0"
"1044","5.0","-2.0"
"1045","5.0","-1.0"
"1046","5.0","0.0"
"1047","5.0","1.0"
"1048","5.0","2.0"
"1049","5.0","3.0"
"1050","5.0","4.0"
"1051","5.0","5.0"
"1052","5.0","6.0"
"1053","5.0","7.0"
"1054","5.0","8.0"
"1055","5.0","9.0"
"1056","5.0","10.0"
"1057","5.0","11.0"
"1058","5.0","12.0"
"1059","5.0","13.0"
"1060","5.0","14.0"
"1061","5.0","15.0"
"1062","5.0","16.0"
"1063","5.0","17.0"
"1064","5.0","18.0"
"1065","5.0","19.0"
"1066","5.0","20.0"
"1067","6.0","-20.0"
"1068","6.0","-19.0"
"1069","6.0","-18.0"
"1070","6.0","-17.0"
"1071","6.0","-16.0"
"1072","6.0","-15.0"
"1073","6.0","-14.0"
"1074","6.0","-13.0"
"1075","6.0","-12.0"
"1076","6.0","-11.0"
"1077","6.0","-10.0"
"1078","6.0","-9.0"
"1079","6.0","-8.0"
"1080","6.0","-7.0"
"1081","6.0","-6.0"
"1082","6.0","-5.0"
"1083","6.0","-4.0"
"1084","6.0","-3.0"
"1085","6.0","-2.0"
"1086","6.0","-1.0"
"1087","6.0","0.0"
"1088","6.0","1.0"
"1089","6.0","2.0"
"1090","6.0","3.0"
"1091","6.0","4.0"
"1092","6.0","5.0"
"1093","6.0","6.0"
"1094","6.0","7.0"
"1095","6.0","8.0"
"1096","6.0","9.0"
"1097","6.0","10.0"
"1098","6.0","11.0"
"1099","6.0","12.0"
"1100","6.0","13.0"
"1101","6.0","14.0"
"1102","6.0","15.0"
"1103","6.0","16.0"
"1104","6.0","17.0"
"1105","6.0","18.0"
"1106","6.0","19.0"
"1107","6.0","20.0"
"1108","7.0","-20.0"
"1109","7.0","-19.0"
"1110","7.0","-18.0"
"1111","7.0","-17.0"
"1112","7.0","-16.0"
"1113","7.0","-15.0"
"1114","7.0","-14.0"
"1115","7.0","-13.0"
"1116","7.0","-12.0"
"1117","7.0","-11.0"
"1118","7.0","-10.0"
"1119","7.0","-9.0"
"1120","7.0","-8.0"
"1121","7.0","-7.0"
"1122","7.0","-6.0"
"1123","7.0","-5.0"
"1124","7.0","-4.0"
"1125","7.0","-3.0"
"1126","7.0","-2.0"
"1127","7.0","-1.0"
"1128","7.0","0.0"
"1129","7.0","1.0"
"1130","7.0","2.0"
"1131","7.0","3.0"
"1132","7.0","4.0"
"1133","7.0","5.0"
"1134","7.0","6.0"
"1135","7.0","7.0"
"1136","7.0","8.0"
"1137","7.0","9.0"
"1138","7.0","10.0"
"1139","7.0","11.0"
"1140","7.0","12.0"
"1141","7.0","13.0"
"1142","7.0","14.0"
"1143","7.0","15.0"
"1144","7.0","16.0"
"1145","7.0","17.0"
"1146","7.0","18.0"
"1147","7.0","19.0"
"1148","7.0","20.0"
"1149","8.0","-20.0"
"1150","8.0","-19.0"
"1151","8.0","-18.0"
"1152","8.0","-17.0"
"1153","8.0","-16.0"
"1154","8.0","-15.0"
"1155","8.0","-14.0"
"1156","8.0","-13.0"
"1157","8.0","-12.0"
"1158","8.0","-11.0"
"1159","8.0","-10.0"
"1160","8.0","-9.0"
"1161","8.0","-8.0"
"1162","8.0","-7.0"
"1163","8.0","-6.0"
"1164","8.0","-5.0"
"1165","8.0","-4.0"
"1166","8.0","-3.0"
"1167","8.0","-2.0"
"1168","8.0","-1.0"
"1169","8.0","0.0"
"1170","8.0","1.0"
"1171","8.0","2.0"
"1172","8.0","3.0"
"1173","8.0","4.0"
"1174","8.0","5.0"
"1175","8.0","6.0"
"1176","8.0","7.0"
"1177","8.0","8.0"
"1178","8.0","9.0"
"1179","8.0","10.0"
"1180","8.0","11.0"
"1181","8.0","12.0"
"1182","8.0","13.0"
"1183","8.0","14.0"
"1184","8.0","15.0"
"1185","8.0","16.0"
"1186","8.0","17.0"
"1187","8.0","18.0"
"1188","8.0","19.0"
"1189","8.0","20.0"
"1190","9.0","-20.0"
"1191","9.0","-19.0"
"1192","9.0","-18.0"
"1193","9.0","-17.0"
"1194","9.0","-16.0"
"1195","9.0","-15.0"
"1196","9.0","-14.0"
"1197","9.0","-13.0"
"1198","9.0","-12.0"
"1199","9.0","-11.0"
"1200","9.0","-10.0"
"1201","9.0","-9.0"
"1202","9.0","-8.0"
"1203","9.0","-7.0"
"1204","9.0","-6.0"
"1205","9.0","-5.0"
"1206","9.0","-4.0"
"1207","9.0","-3.0"
"1208","9.0","-2.0"
"1209","9.0","-1.0"
"1210","9.0","0.0"
"1211","9.0","1.0"
"1212","9.0","2.0"
"1213","9.0","3.0"
"1214","9.0","4.0"
"1215","9.0","5.0"
"1216","9.0","6.0"
"1217","9.0","7.0"
"1218","9.0","8.0"
"1219","9.0","9.0"
"1220","9.0","10.0"
"1221","9.0","11.0"
"1222","9.0","12.0"
"1223","9.0","13.0"
"1224","9.0","14.0"
"1225","9.0","15.0"
"1226","9.0","16.0"
"1227","9.0","17.0"
"1228","9.0","18.0"
"1229","9.0","19.0"
"1230","9.0","20.0"
"1231","10.0","-20.0"
"1232","10.0","-19.0"
"1233","10.0","-18.0"
"1234","10.0","-17.0"
"1235","10.0","-16.0"
"1236","10.0","-15.0"
"1237","10.0","-14.0"
"1238","10.0","-13.0"
"1239","10.0","-12.0"
"1240","10.0","-11.0"
"1241","10.0","-10.0"
"1242","10.0","-9.0"
"1243","10.0","-8.0"
"1244","10.0","-7.0"
"1245","10.0","-6.0"
"1246","10.0","-5.0"
"1247","10.0","-4.0"
"1248","10.0","-3.0"
"1249","10.0","-2.0"
"1250","10.0","-1.0"
"1251","10.0","0.0"
"1252","10.0","1.0"
"1253","10.0","2.0"
"1254","10.0","3.0"
"1255","10.0","4.0"
"1256","10.0","5.0"
"1257","10.0","6.0"
"1258","10.0","7.0"
"1259","10.0","8.0"
"1260","10.0","9.0"
"1261","10.0","10.0"
"1262","10.0","11.0"
"1263","10.0","12.0"
"1264","10.0","13.0"
"1265","10.0","14.0"
"1266","10.0","15.0"
"1267","10.0","16.0"
"1268","10.0","17.0"
"1269","10.0","18.0"
"1270","10.0","19.0"
"1271","10.0","20.0"
"1272","11.0","-20.0"
"1273","11.0","-19.0"
"1274","11.0","-18.0"
"1275","11.0","-17.0"
"1276","11.0","-16.0"
"1277","11.0","-15.0"
"1278","11.0","-14.0"
"1279","11.0","-13.0"
"1280","11.0","-12.0"
"1281","11.0","-11.0"
"1282","11.0","-10.0"
"1283","11.0","-9.0"
"1284","11.0","-8.0"
"1285","11.0","-7.0"
"1286","11.0","-6.0"
"1287","11.0","-5.0"
"1288","11.0","-4.0"
"1289","11.0","-3.0"
"1290","11.0","-2.0"
"1291","11.0","-1.0"
"1292","11.0","0.0"
"1293","11.0","1.0"
"1294","11.0","2.0"
"1295","11.0","3.0"
"1296","11.0","4.0"
"1297","11.0","5.0"
"1298","11.0","6.0"
"1299","11.0","7.0"
"1300","11.0","8.0"
"1301","11.0","9.0"
"1302","11.0","10.0"
"1303","11.0","11.0"
"1304","11.0","12.0"
"1305","11.0","13.0"
"1306","11.0","14.0"
"1307","11.0","15.0"
"1308","11.0","16.0"
"1309","11.0","17.0"
"1310","11.0","18.0"
"1311","11.0","19.0"
"1312","11.0","20.0"
"1313","12.0","-20.0"
"1314","12.0","-19.0"
"1315","12.0","-18.0"
"1316","12.0","-17.0"
"1317","12.0","-16.0"
"1318","12.0","-15.0"
"1319","12.0","-14.0"
"1320","12.0","-13.0"
"1321","12.0","-12.0"
"1322","12.0","-11.0"
"1323","12.0","-10.0"
"1324","12.0","-9.0"
"1325","12.0","-8.0"
"1326","12.0","-7.0"
"1327","12.0","-6.0"
"1328","12.0","-5.0"
"1329","12.0","-4.0"
"1330","12.0","-3.0"
"1331","12.0","-2.0"
"1332","12.0","-1.0"
"1333","12.0","0.0"
"1334","12.0","1.0"
"1335","12.0","2.0"
"1336","12.0","3.0"
"1337","12.0","4.0"
"1338","12.0","5.0"
"1339","12.0","6.0"
"1340","12.0","7.0"
"1341","12.0","8.0"
"1342","12.0","9.0"
"1343","12.0","10.0"
"1344","12.0","11.0"
"1345","12.0","12.0"
"1346","12.0","13.0"
"1347","12.0","14.0"
"1348","12.0","15.0"
"1349","12.0","16.0"
"1350","12.0","17.0"
"1351","12.0","18.0"
"1352","12.0","19.0"
"1353","12.0","20.0"
"1354","13.0","-20.0"
"1355","13.0","-19.0"
"1356","13.0","-18.0"
"1357","13.0","-17.0"
"1358","13.0","-16.0"
"1359","13.0","-15.0"
"1360","13.0","-14.0"
"1361","13.0","-13.0"
"1362","13.0","-12.0"
"1363","13.0","-11.0"
"1364","13.0","-10.0"
"1365","13.0","-9.0"
"1366","13.0","-8.0"
"1367","13.0","-7.0"
"1368","13.0","-6.0"
"1369","13.0","-5.0"
"1370","13.0","-4.0"
"1371","13.0","-3.0"
"1372","13.0","-2.0"
"1373","13.0","-1.0"
"1374","13.0","0.0"
"1375","13.0","1.0"
"1376","13.0","2.0"
"1377","13.0","3.0"
"1378","13.0","4.0"
"1379","13.0","5.0"
"1380","13.0","6.0"
"1381","13.0","7.0"
"1382","13.0","8.0"
"1383","13.0","9.0"
"1384","13.0","10.0"
"1385","13.0","11.0"
"1386","13.0","12.0"
"1387","13.0","13.0"
"1388","13.0","14.0"
"1389","13.0","15.0"
"1390","13.0","16.0"
"1391","13.0","17.0"
"1392","13.0","18.0"
"1393","13.0","19.0"
"1394","13.0","20.0"
"1395","14.0","-20.0"
"1396","14.0","-19.0"
"1397","14.0","-18.0"
"1398","14.0","-17.0"
"1399","14.0","-16.0"
"1400","14.0","-15.0"
"1401","14.0","-14.0"
"1402","14.0","-13.0"
"1403","14.0","-12.0"
"1404","14.0","-11.0"
"1405","14.0","-10.0"
"1406","14.0","-9.0"
"1407","14.0","-8.0"
"1408","14.0","-7.0"
"1409","14.0","-6.0"
"1410","14.0","-5.0"
"1411","14.0","-4.0"
"1412","14.0","-3.0"
"1413","14.0","-2.0"
"1414","14.0","-1.0"
"1415","14.0","0.0"
"1416","14.0","1.0"
"1417","14.0","2.0"
"1418","14.0","3.0"
"1419","14.0","4.0"
"1420","14.0","5.0"
"1421","14.0","6.0"
"1422","14.0","7.0"
"1423","14.0","8.0"
"1424","14.0","9.0"
"1425","14.0","10.0"
"1426","14.0","11.0"
"1427","14.0","12.0"
"1428","14.0","13.0"
"1429","14.0","14.0"
"1430","14.0","15.0"
"1431","14.0","16.0"
"1432","14.0","17.0"
"1433","14.0","18.0"
"1434","14.0","19.0"
"1435","14.0","20.0"
"1436","15.0","-20.0"
"1437","15.0","-19.0"
"1438","15.0","-18.0"
"1439","15.0","-17.0"
"1440","15.0","-16.0"
"1441","15.0","-15.0"
"1442","15.0","-14.0"
"1443","15.0","-13.0"
"1444","15.0","-12.0"
"1445","15.0","-11.0"
"1446","15.0","-10.0"
"1447","15.0","-9.0"
"1448","15.0","-8.0"
"1449","15.0","-7.0"
"1450","15.0","-6.0"
"1451","15.0","-5.0"
"1452","15.0","-4.0"
"1453","15.0","-3.0"
"1454","15.0","-2.0"
"1455","15.0","-1.0"
"1456","15.0","0.0"
"1457","15.0","1.0"
"1458","15.0","2.0"
"1459","15.0","3.0"
"1460","15.0","4.0"
"1461","15.0","5.0"
"1462","15.0","6.0"
"1463","15.0","7.0"
"1464","15.0","8.0"
"1465","15.0","9.0"
"1466","15.0","10.0"
"1467","15.0","11.0"
"1468","15.0","12.0"
"1469","15.0","13.0"
"1470","15.0","14.0"
"1471","15.0","15.0"
"1472","15.0","16.0"
"1473","15.0","17.0"
"1474","15.0","18.0"
"1475","15.0","19.0"
"1476","15.0","20.0"
"1477","16.0","-20.0"
"1478","16.0","-19.0"
"1479","16.0","-18.0"
"1480","16.0","-17.0"
"1481","16.0","-16.0"
"1482","16.0","-15.0"
"1483","16.0","-14.0"
"1484","16.0","-13.0"
"1485","16.0","-12.0"
"1486","16.0","-11.0"
"1487","16.0","-10.0"
"1488","16.0","-9.0"
"1489","16.0","-8.0"
"1490","16.0","-7.0"
"1491","16.0","-6.0"
"1492","16.0","-5.0"
"1493","16.0","-4.0"
"1494","16.0","-3.0"
"1495","16.0","-2.0"
"1496","16.0","-1.0"
"1497","16.0","0.0"
"1498","16.0","1.0"
"1499","16.0","2.0"
"1500","16.0","3.0"
"1501","16.0","4.0"
"1502","16.0","5.0"
"1503","16.0","6.0"
"1504","16.0","7.0"
"1505","16.0","8.0"
"1506","16.0","9.0"
"1507","16.0","10.0"
"1508","16.0","11.0"
"1509","16.0","12.0"
"1510","16.0","13.0"
"1511","16.0","14.0"
"1512","16.0","15.0"
"1513","16.0","16.0"
"1514","16.0","17.0"
"1515","16.0","18.0"
"1516","16.0","19.0"
"1517","16.0","20.0"
"1518","17.0","-20.0"
"1519","17.0","-19.0"
"1520","17.0","-18.0"
"1521","17.0","-17.0"
"1522","17.0","-16.0"
"1523","17.0","-15.0"
"1524","17.0","-14.0"
"1525","17.0","-13.0"
"1526","17.0","-12.0"
"1527","17.0","-11.0"
"1528","17.0","-10.0"
"1529","17.0","-9.0"
"1530","17.0","-8.0"
"1531","17.0","-7.0"
"1532","17.0","-6.0"
"1533","17.0","-5.0"
"1534","17.0","-4.0"
"1535","17.0","-3.0"
"1536","17.0","-2.0"
"1537","17.0","-1.0"
"1538","17.0","0.0"
"1539","17.0","1.0"
"1540","17.0","2.0"
"1541","17.0","3.0"
"1542","17.0","4.0"
"1543","17.0","5.0"
"1544","17.0","6.0"
"1545","17.0","7.0"
"1546","17.0","8.0"
"1547","17.0","9.0"
"1548","17.0","10.0"
"1549","17.0","11.0"
"1550","17.0","12.0"
"1551","17.0","13.0"
"1552","17.0","14.0"
"1553","17.0","15.0"
"1554","17.0","16.0"
"1555","17.0","17.0"
"1556","17.0","18.0"
"1557","17.0","19.0"
"1558","17.0","20.0"
"1559","18.0","-20.0"
"1560","18.0","-19.0"
"1561","18.0","-18.0"
"1562","18.0","-17.0"
"1563","18.0","-16.0"
"1564","18.0","-15.0"
"1565","18.0","-14.0"
"1566","18.0","-13.0"
"1567","18.0","-12.0"
"1568","18.0","-11.0"
"1569","18.0","-10.0"
"1570","18.0","-9.0"
"1571","18.0","-8.0"
"1572","18.0","-7.0"
"1573","18.0","-6.0"
"1574","18.0","-5.0"
"1575","18.0","-4.0"
"1576","18.0","-3.0"
"1577","18.0","-2.0"
"1578","18.0","-1.0"
"1579","18.0","0.0"
"1580","18.0","1.0"
"1581","18.0","2.0"
"1582","18.0","3.0"
"1583","18.0","4.0"
"1584","18.0","5.0"
"1585","18.0","6.0"
"1586","18.0","7.0"
"1587","18.0","8.0"
"1588","18.0","9.0"
"1589","18.0","10.0"
"1590","18.0","11.0"
"1591","18.0","12.0"
"1592","18.0","13.0"
"1593","18.0","14.0"
"1594","18.0","15.0"
"1595","18.0","16.0"
"1596","18.0","17.0"
"1597","18.0","18.0"
"1598","18.0","19.0"
"1599","18.0","20.0"
"1600","19.0","-20.0"
"1601","19.0","-19.0"
"1602","19.0","-18.0"
"1603","19.0","-17.0"
"1604","19.0","-16.0"
"1605","19.0","-15.0"
"1606","19.0","-14.0"
"1607","19.0","-13.0"
"1608","19.0","-12.0"
"1609","19.0","-11.0"
"1610","19.0","-10.0"
"1611","19.0","-9.0"
"1612","19.0","-8.0"
"1613","19.0","-7.0"
"1614","19.0","-6.0"
"1615","19.0","-5.0"
"1616","19.0","-4.0"
"1617","19.0","-3.0"
"1618","19.0","-2.0"
"1619","19.0","-1.0"
"1620","19.0","0.0"
"1621","19.0","1.0"
"1622","19.0","2.0"
"1623","19.0","3.0"
"1624","19.0","4.0"
"1625","19.0","5.0"
"1626","19.0","6.0"
"1627","19.0","7.0"
"1628","19.0","8.0"
"1629","19.0","9.0"
"1630","19.0","10.0"
"1631","19.0","11.0"
"1632","19.0","12.0"
"1633","19.0","13.0"
"1634","19.0","14.0"
"1635","19.0","15.0"
"1636","19.0","16.0"
"1637","19.0","17.0"
"1638","19.0","18.0"
"1639","19.0","19.0"
"1640","19.0","20.0"
"1641","20.0","-20.0"
"1642","20.0","-19.0"
"1643","20.0","-18.0"
"1644","20.0","-17.0"
"1645","20.0","-16.0"
"1646","20.0","-15.0"
"1647","20.0","-14.0"
"1648","20.0","-13.0"
"1649","20.0","-12.0"
"1650","20.0","-11.0"
"1651","20.0","-10.0"
"1652","20.0","-9.0"
"1653","20.0","-8.0"
"1654","20.0","-7.0"
"1655","20.0","-6.0"
"1656","20.0","-5.0"
"1657","20.0","-4.0"
"1658","20.0","-3.0"
"1659","20.0","-2.0"
"1660","20.0","-1.0"
"1661","20.0","0.0"
"1662","20.0","1.0"
"1663","20.0","2.0"
"1664","20.0","3.0"
"1665","20.0","4.0"
"1666","20.0","5.0"
"1667","20.0","6.0"
"1668","20.0","7.0"
"1669","20.0","8.0"
"1670","20.0","9.0"
"1671","20.0","10.0"
"1672","20.0","11.0"
"1673","20.0","12.0"
"1674","20.0","13.0"
"1675","20.0","14.0"
"1676","20.0","15.0"
"1677","20.0","16.0"
"1678","20.0","17.0"
"1679","20.0","18.0"
"1680","20.0","19.0"
"1681","20.0","20.0"
